title,url,clickedElementIDOrClass
考研政治 class:myAnswer shi1
考研政治 id:shiyi1Single class:choice-padding-top singleChoice
考研英语 id:idChoice4 
考研英语 id:idChoice4 
考研英语 class:essayPara
考研英语 class:essayPara
考研英语 class:essayPara
考研英语 class:essayTitle
2023国科大人工智能在职考研 id:idChoice4 
2023国科大人工智能在职考研 class:choiceQuestion
2023国科大人工智能在职考研 id:idChoice3 
2023国科大人工智能在职考研 id:idChoice2 
2023国科大人工智能在职考研 id:idChoice1 
2023国科大人工智能在职考研 id:idChoice4 
2023国科大人工智能在职考研 id:logout class:logout
2023国科大人工智能在职考研 id:submit 
2023国科大人工智能在职考研 id:idChoice3 
2023国科大人工智能在职考研 id:idChoice4 
2023国科大人工智能在职考研 id:idChoice3 
2023国科大人工智能在职考研 id:logout class:logout
2023国科大人工智能在职考研 id:idChoice3 
2023国科大人工智能在职考研 id:idChoice3 
2023国科大人工智能在职考研 id:logout class:logout
2023国科大人工智能在职考研 id:idChoice3 
2023国科大人工智能在职考研 id:submit 
2023国科大人工智能在职考研 id:idChoice3 
2023国科大人工智能在职考研 id:idChoice4 
2023国科大人工智能在职考研 class:choice
2023国科大人工智能在职考研 id:idChoice3 
2023国科大人工智能在职考研 class:problems problem1
2023国科大人工智能在职考研 id:idChoice2 
2023国科大人工智能在职考研 id:idChoice1 
2023国科大人工智能在职考研 id:idChoice3 
2023国科大人工智能在职考研 class:subCheck
2023国科大人工智能在职考研 id:idChoice3 
2023国科大人工智能在职考研 class:problems problem1
2023国科大人工智能在职考研 class:examTitle
2023国科大人工智能在职考研 id:idChoice3 
2023国科大人工智能在职考研 id:idChoice4 
2023国科大人工智能在职考研 id:idChoice3 
2023国科大人工智能在职考研 id:idChoice4 
2023国科大人工智能在职考研 class:mainTitle choiceTitle
2023国科大人工智能在职考研 class:choice
2023国科大人工智能在职考研 id:idChoice1 
2023国科大人工智能在职考研 class:mainTitle choiceTitle
2023国科大人工智能在职考研 id:idChoice3 
2023国科大人工智能在职考研 id:idChoice3 
2023国科大人工智能在职考研 id:idChoice1 
2023国科大人工智能在职考研 id:idChoice2 
2023国科大人工智能在职考研 id:idChoice3 
2023国科大人工智能在职考研 id:idChoice4 
2023国科大人工智能在职考研 id:idChoice4 
2023国科大人工智能在职考研 class:examTitle
2023国科大人工智能在职考研 id:idChoice1 
2023考研数二学习笔记 id:idChoice4 
2023考研数二学习笔记 class:title
2023考研数二学习笔记 id:idChoice4 
考研英语 id:idChoice3 
考研英语 class:essayPara
考研英语 class:essayTitle
考研英语 id:notes class:notes
考研英语 id:idChoice4 
考研英语 class:essayPara
考研英语 class:essayPara
考研英语 id:idChoice4 
考研英语 class:translate colorChange
考研英语 class:closeComment
2023国科大人工智能在职考研 class:choicesA
2023国科大人工智能在职考研 class:choicesA
2023国科大人工智能在职考研 class:myAnswer myAnswer7
2023国科大人工智能在职考研 class:choicesA
2023国科大人工智能在职考研 class:choicesA
2023国科大人工智能在职考研 class:choicesB
2023国科大人工智能在职考研 class:choicesC
2023国科大人工智能在职考研 class:choicesA
2023国科大人工智能在职考研 class:choicesB
2023国科大人工智能在职考研 class:choicesC
2023国科大人工智能在职考研 class:choicesD
2023国科大人工智能在职考研 id:checkResult class:checkResult
2023国科大人工智能在职考研 id:checkResult class:checkResult
2023国科大人工智能在职考研 id:checkResult class:checkResult
2023国科大人工智能在职考研 id:checkResult class:checkResult
2023国科大人工智能在职考研 id:checkResult class:checkResult
2023国科大人工智能在职考研 id:checkResult class:checkResult
2023国科大人工智能在职考研 id:checkResult class:checkResult
2023国科大人工智能在职考研 class:subCheck
2023国科大人工智能在职考研 id:logout class:logout
2023国科大人工智能在职考研 id:submit 
2023国科大人工智能在职考研 id:checkResult class:checkResult
2023国科大人工智能在职考研 id:logout class:logout
2023国科大人工智能在职考研 id:submit 
2023国科大人工智能在职考研 id:checkResult class:checkResult
2023国科大人工智能在职考研 id:checkResult class:checkResult
2023国科大人工智能在职考研 id:logout class:logout
2023国科大人工智能在职考研 id:submit 
2023国科大人工智能在职考研 id:checkResult class:checkResult
考研英语 id:notes class:notes
考研英语 class:seeMore
考研英语 class:rewrite colorChange
考研英语 class:rewrite colorChange
考研英语 id:notes class:notes
考研英语 class:closeComment
考研英语 class:translate colorChange
考研英语 class:translate colorChange
考研英语 class:rewrite colorChange
考研英语 class:seeMore
考研英语 class:seeMore
考研英语 class:seeMore
考研英语 class:rewrite colorChange
考研英语 class:closeComment
考研英语 class:closeComment
考研英语 class:essayTitle
考研英语 class:essayTitle
考研英语 class:essayPara
考研英语 class:comment
考研英语 class:comment
考研英语 class:subtitle
考研英语 class:comment
考研英语 class:comment
考研英语 class:closeComment
考研英语 class:essayPara
考研英语http://127.0.0.1:250/eng class:essayPara
2023国科大人工智能在职考研http://127.0.0.1:250/ai id:note4 class:note
2023国科大人工智能在职考研http://127.0.0.1:250/ai id:note1 class:note
2023国科大人工智能在职考研http://127.0.0.1:250/ai class:choiceQuestion
2023国科大人工智能在职考研http://127.0.0.1:250/ai class:mainTitle choiceTitle
考研政治http://127.0.0.1:250/poli id:shi1Multiple class:choice-padding-top multipleChoice
考研政治http://127.0.0.1:250/poli class:examTitle
考研政治http://127.0.0.1:250/poli class:examTitle
考研政治http://127.0.0.1:250/poli class:writtenTime
考研政治http://127.0.0.1:250/poli id:shiyi1Single class:choice-padding-top singleChoice
考研政治http://127.0.0.1:250/poli id:shiyi1Single class:choice-padding-top singleChoice
考研政治http://127.0.0.1:250/poli id:shi1Score class:score
考研政治http://127.0.0.1:250/poli id:shiyi1Score class:score
考研政治http://127.0.0.1:250/poli class:title
2023考研数二学习笔记http://127.0.0.1:250/math class:title
2023国科大人工智能在职考研http://127.0.0.1:250/ai id:idChoice3 
2023国科大人工智能在职考研http://127.0.0.1:250/ai id:idChoice1 
2023国科大人工智能在职考研http://127.0.0.1:250/ai id:idChoice2 
2023国科大人工智能在职考研http://127.0.0.1:250/ai id:idChoice3 
2023国科大人工智能在职考研http://127.0.0.1:250/ai id:idChoices 
2023国科大人工智能在职考研http://127.0.0.1:250/ai id:idChoice4 
2023国科大人工智能在职考研http://127.0.0.1:250/ai id:idChoice2 
2023国科大人工智能在职考研http://127.0.0.1:250/ai id:idChoice1 
2023国科大人工智能在职考研http://127.0.0.1:250/ai id:idChoice2 
2023国科大人工智能在职考研http://127.0.0.1:250/ai id:idChoice4 
2023国科大人工智能在职考研http://127.0.0.1:250/ai id:idChoice3 
2023国科大人工智能在职考研http://127.0.0.1:250/ai id:idChoice2 
2023国科大人工智能在职考研http://127.0.0.1:250/ai id:idChoice4 
2023国科大人工智能在职考研http://127.0.0.1:250/ai id:notes class:notes
2023国科大人工智能在职考研http://127.0.0.1:250/ai id:notes class:notes
2023国科大人工智能在职考研http://127.0.0.1:250/ai id:idChoice2 
2023国科大人工智能在职考研http://127.0.0.1:250/ai id:idChoice1 
2023国科大人工智能在职考研http://127.0.0.1:250/ai class:save
2023国科大人工智能在职考研http://127.0.0.1:250/ai class:redo
2023国科大人工智能在职考研http://127.0.0.1:250/ai id:submit 
2023国科大人工智能在职考研http://127.0.0.1:250/ai id:idChoice3 
2023国科大人工智能在职考研http://127.0.0.1:250/ai id:idChoice4 
2023国科大人工智能在职考研http://127.0.0.1:250/ai class:examTitle
2023国科大人工智能在职考研http://127.0.0.1:250/ai class:choiceQuestion
2023国科大人工智能在职考研http://127.0.0.1:250/ai class:choiceQuestion
2023国科大人工智能在职考研http://127.0.0.1:250/ai class:choiceQuestion
2023国科大人工智能在职考研http://127.0.0.1:250/ai class:choice
2023国科大人工智能在职考研http://127.0.0.1:250/ai class:trueOrFalse
2023国科大人工智能在职考研http://127.0.0.1:250/ai class:trueOrFalseQuestion
考研英语http://127.0.0.1:250/eng class:essayTitle
考研英语http://127.0.0.1:250/eng class:essayTitle
考研英语http://127.0.0.1:250/eng class:essayPara
考研英语http://127.0.0.1:250/eng class:seeMore
2023国科大人工智能在职考研http://127.0.0.1:250/ai id:idChoice4 
2023国科大人工智能在职考研http://127.0.0.1:250/ai class:choiceQuestion
2023国科大人工智能在职考研http://127.0.0.1:250/ai class:choiceProblem
2023国科大人工智能在职考研http://127.0.0.1:250/ai class:choiceQuestion
考研英语http://127.0.0.1:250/eng class:essayPara
考研英语http://127.0.0.1:250/eng class:essayPara
考研英语http://127.0.0.1:250/eng class:closeComment
考研英语http://127.0.0.1:250/eng class:essayTitle
考研英语http://127.0.0.1:250/eng id:generateEssay class:generateEssay colorChange
考研英语http://127.0.0.1:250/eng class:essayPara
考研英语http://127.0.0.1:250/eng class:essayPara
考研英语http://127.0.0.1:250/eng class:comment
考研英语http://127.0.0.1:250/eng class:comment
考研英语http://127.0.0.1:250/eng class:comment
考研英语http://127.0.0.1:250/eng class:closeComment
考研英语http://192.168.100.200:5000/eng id:username 
考研英语http://192.168.100.200:5000/eng id:passwordid 
考研英语http://192.168.100.200:5000/eng id:submit 
考研英语http://192.168.100.200:5000/eng class:translate colorChange
考研英语http://192.168.100.200:5000/eng id:generateEssay class:generateEssay colorChange
考研英语http://192.168.100.200:5000/eng class:seeMore
考研英语http://192.168.100.200:5000/eng class:essayPara
考研英语http://192.168.100.200:5000/eng class:essayPara
考研英语http://192.168.100.200:5000/eng class:essayPara
2023国科大人工智能在职考研http://192.168.100.200:5000/ai id:countDown 
2023国科大人工智能在职考研http://192.168.100.200:5000/ai id:idChoice1 
2023国科大人工智能在职考研http://192.168.100.200:5000/ai class:choicesA
考研政治http://192.168.100.200:5000/poli id:shi1Single class:choice-padding-top singleChoice
考研政治http://192.168.100.200:5000/poli id:shi1Multiple class:choice-padding-top multipleChoice
考研政治http://192.168.100.200:5000/poli id:shiyi1Single class:choice-padding-top singleChoice
考研政治http://192.168.100.200:5000/poli class:examTitle
2023考研数二学习笔记http://192.168.100.200:5000/math class:MathJax CtxtMenu_Attached_0
2023考研数二学习笔记http://192.168.100.200:5000/math class:MathJax CtxtMenu_Attached_0
2023考研数二学习笔记http://192.168.100.200:5000/math class:MathJax CtxtMenu_Attached_0
2023考研数二学习笔记http://192.168.100.200:5000/math class:mjx-c2B
2023考研数二学习笔记http://192.168.100.200:5000/math class:MJX-TEX
2023考研数二学习笔记http://192.168.100.200:5000/math class:title
2023考研数二学习笔记http://192.168.100.200:5000/math class:title
2023考研数二学习笔记http://192.168.100.200:5000/math class:title
2023考研数二学习笔记http://192.168.100.200:5000/math class:mjx-c30
考研英语http://192.168.100.200:5000/eng id:username 
考研英语http://192.168.100.200:5000/eng id:passwordid 
考研英语http://192.168.100.200:5000/eng id:submit 
考研英语http://192.168.100.200:5000/eng class:essayPara
考研英语http://192.168.100.200:5000/eng class:essayPara
考研英语http://192.168.100.200:5000/eng class:essayPara
考研英语http://192.168.100.200:5000/eng class:essayPara
考研英语http://192.168.100.200:5000/eng id:notes class:notes
考研英语http://192.168.100.200:5000/eng id:notes class:notes
考研英语http://192.168.100.200:5000/eng class:essayPara
考研英语http://192.168.100.200:5000/eng class:essayPara
考研英语http://192.168.100.200:5000/eng class:rewrite colorChange
考研英语http://192.168.100.200:5000/eng class:essayPara
考研英语http://192.168.100.200:5000/eng class:essayPara
考研英语http://192.168.100.200:5000/eng class:rewrite colorChange
考研英语http://192.168.100.200:5000/eng class:translate colorChange
考研英语http://192.168.100.200:5000/eng class:comment
考研英语http://192.168.100.200:5000/eng class:comment
考研英语http://192.168.100.200:5000/eng class:closeComment
考研英语http://192.168.100.200:5000/eng class:rewrite colorChange
考研英语http://192.168.100.200:5000/eng class:translate colorChange
考研英语http://192.168.100.200:5000/eng id:username 
考研英语http://192.168.100.200:5000/eng id:passwordid 
考研英语http://192.168.100.200:5000/eng id:submit 
考研英语http://192.168.100.200:5000/eng class:seeMore
考研英语http://192.168.100.200:5000/eng class:seeMore
考研英语http://192.168.100.200:5000/eng id:notes class:notes
考研英语http://192.168.100.200:5000/eng class:essayPara
考研英语http://192.168.100.200:5000/eng class:essayPara
考研英语http://192.168.100.200:5000/eng class:title
考研英语http://192.168.100.200:5000/eng class:title
考研英语http://192.168.100.200:5000/eng id:notes class:notes
考研英语http://192.168.100.200:5000/eng class:subtitle
考研英语http://192.168.100.200:5000/eng class:essayTitle
考研英语http://192.168.100.200:5000/eng class:essayPara
考研英语http://192.168.100.200:5000/eng class:essayPara
考研英语http://192.168.100.200:5000/eng class:essayTitle
考研英语http://192.168.100.200:5000/eng class:essayPara
考研英语http://192.168.100.200:5000/eng class:essayPara
考研英语http://192.168.100.200:5000/eng class:essayPara
考研英语http://192.168.100.200:5000/eng class:translate colorChange
考研英语http://192.168.100.200:250/eng class:essayPara
考研英语http://192.168.100.200:250/eng class:seeMore
考研英语http://192.168.100.200:250/eng class:seeMore
考研英语http://192.168.100.200:250/eng class:seeMore
考研英语http://192.168.100.200:250/eng class:essayPara
考研英语http://192.168.100.200:250/eng class:essayTitle
考研英语http://192.168.100.200:250/eng class:subtitle
考研英语http://192.168.100.200:250/eng class:title
考研英语http://192.168.100.200:250/eng class:title
考研英语http://192.168.100.200:250/eng id:notes class:notes
考研英语http://192.168.100.200:250/eng class:essayPara
考研英语http://192.168.100.200:250/eng class:essayTitle
考研英语http://127.0.0.1:250/eng id:submit 
考研英语http://127.0.0.1:250/eng class:essayPara
考研英语http://127.0.0.1:250/eng class:essayPara
考研英语http://127.0.0.1:250/eng class:essayPara
考研英语http://127.0.0.1:250/eng class:essayPara
考研英语http://127.0.0.1:250/eng class:essayTitle
考研英语http://127.0.0.1:250/eng class:essayPara
考研英语http://127.0.0.1:250/eng class:closeComment
考研英语http://192.168.100.200:250/eng id:username 
考研英语http://192.168.100.200:250/eng id:passwordid 
考研英语http://192.168.100.200:250/eng id:submit 
考研英语http://192.168.100.200:250/eng id:passwordid 
考研英语http://192.168.100.200:250/eng id:submit 
考研英语http://127.0.0.1:250/eng class:seeMore
考研英语http://127.0.0.1:250/eng class:seeMore
考研英语http://127.0.0.1:250/eng id:notes class:notes
考研英语http://127.0.0.1:250/eng class:seeMore
考研英语http://127.0.0.1:250/eng class:seeMore
考研英语http://127.0.0.1:250/eng class:seeMore
考研英语http://127.0.0.1:250/eng class:seeMore
考研英语http://127.0.0.1:250/eng class:seeMore
考研英语http://127.0.0.1:250/eng class:seeMore
考研英语http://127.0.0.1:250/eng class:seeMore
考研英语http://127.0.0.1:250/eng class:seeMore
考研英语http://127.0.0.1:250/eng class:seeMore
考研英语http://127.0.0.1:250/eng class:seeMore
考研英语http://127.0.0.1:250/eng class:seeMore
考研英语http://127.0.0.1:250/eng class:essayPara
考研英语http://127.0.0.1:250/eng id:notes class:notes
考研英语http://127.0.0.1:250/eng class:closeComment
考研英语http://127.0.0.1:250/eng class:essayTitle
考研英语http://127.0.0.1:250/eng class:essayTitle
考研英语http://127.0.0.1:250/eng class:essayPara
考研英语http://127.0.0.1:250/eng class:translate colorChange
考研英语http://127.0.0.1:250/eng id:notes class:notes
考研英语http://127.0.0.1:250/eng class:closeComment
考研英语http://127.0.0.1:250/eng class:seeMore
考研英语http://127.0.0.1:250/eng class:seeMore
考研英语http://127.0.0.1:250/eng class:seeMore
考研英语http://127.0.0.1:250/eng class:seeMore
考研英语http://127.0.0.1:250/eng class:seeMore
考研英语http://127.0.0.1:250/eng class:seeMore
考研英语http://127.0.0.1:250/eng class:seeMore
考研英语http://127.0.0.1:250/eng id:notes class:notes
考研英语http://127.0.0.1:250/eng class:seeMore
考研英语http://127.0.0.1:250/eng class:seeMore
考研英语http://127.0.0.1:250/eng class:seeMore
考研英语http://127.0.0.1:250/eng class:seeMore
考研英语http://127.0.0.1:250/eng class:seeMore
考研英语http://127.0.0.1:250/eng class:seeMore
考研英语http://127.0.0.1:250/eng class:seeMore
考研英语http://127.0.0.1:250/eng class:seeMore
考研英语http://127.0.0.1:250/eng class:seeMore
考研英语http://127.0.0.1:250/eng class:seeMore
考研英语http://127.0.0.1:250/eng class:seeMore
考研英语http://127.0.0.1:250/eng class:seeMore
考研英语http://127.0.0.1:250/eng class:seeMore
考研英语http://127.0.0.1:250/eng class:seeMore
考研英语http://127.0.0.1:250/eng class:seeMore
考研英语http://127.0.0.1:250/eng class:seeMore
考研英语http://127.0.0.1:250/eng class:seeMore
考研英语http://127.0.0.1:250/eng class:seeMore
考研英语http://127.0.0.1:250/eng class:essayTitle
考研英语http://127.0.0.1:250/eng id:notes class:notes
考研英语http://127.0.0.1:250/eng id:notes class:notes
2023国科大人工智能在职考研http://192.168.100.200:250/ai id:idChoice2 
2023国科大人工智能在职考研http://192.168.100.200:250/ai id:idFalseTimes 
2023国科大人工智能在职考研http://192.168.100.200:250/ai id:idChoice1 
2023国科大人工智能在职考研http://192.168.100.200:250/ai id:idFalseTimes 
2023国科大人工智能在职考研http://192.168.100.200:250/ai id:idChoice4 
考研政治http://192.168.100.200:250/poli id:shiyi1Multiple class:choice-padding-top multipleChoice
考研政治http://192.168.100.200:250/poli id:shiyi1Multiple class:choice-padding-top multipleChoice
考研政治http://192.168.100.200:250/poli id:shi1Score class:score
考研英语http://192.168.100.200:250/eng class:rewrite colorChange
考研英语http://192.168.100.200:250/eng class:translate colorChange
考研英语http://192.168.100.200:250/eng class:seeMore
考研英语http://192.168.100.200:250/eng class:essayPara
考研英语http://192.168.100.200:250/eng class:translate colorChange
考研英语http://192.168.100.200:250/eng class:essayTitle
考研英语http://192.168.100.200:250/eng id:logout class:logout
考研英语http://192.168.100.200:250/eng id:username 
考研英语http://192.168.100.200:250/eng id:passwordid 
考研英语http://192.168.100.200:250/eng id:submit 
考研英语http://127.0.0.1:250/eng id:submit 
考研英语http://192.168.100.200:250/eng id:username 
考研英语http://192.168.100.200:250/eng id:passwordid 
考研英语http://192.168.100.200:250/eng id:submit 
考研英语http://192.168.100.200:250/eng id:submit 
考研英语http://192.168.100.200:250/eng class:essayPara
考研英语http://192.168.100.200:250/eng class:essayPara
考研英语http://192.168.100.200:250/eng class:title
考研英语http://192.168.100.200:250/eng id:notes class:notes
考研英语http://192.168.100.200:250/eng class:seeMore
考研英语http://127.0.0.1:250/eng class:essayPara
考研英语http://127.0.0.1:250/eng class:essayTitle
考研英语http://192.168.100.200:250/eng class:essayPara 2023-11-02 08:16:12
考研英语http://192.168.100.200:250/eng class:essayTitle 2023-11-02 08:16:32
考研英语http://192.168.100.200:250/eng class:essayPara 2023-11-02 08:16:34
考研英语http://192.168.100.200:250/eng class:essayPara 2023-11-02 08:16:36
考研英语http://192.168.100.200:250/eng class:essayTitle 2023-11-02 08:17:20
考研英语http://192.168.100.200:250/eng class:essayPara 2023-11-02 08:17:25
2023-11-02 08:18:33 考研英语http://192.168.100.200:250/eng class:essayPara
2023-11-02 08:18:45 考研英语http://192.168.100.200:250/eng id:notes class:notes
2023-11-02 08:18:47 考研英语http://192.168.100.200:250/eng id:notes class:notes
2023-11-02 08:18:47 考研英语http://192.168.100.200:250/eng id:notes class:notes
2023-11-02 08:18:48 考研英语http://192.168.100.200:250/eng id:notes class:notes
2023-11-02 08:18:51 考研英语http://192.168.100.200:250/eng id:notes class:notes
2023-11-02 08:18:51 考研英语http://192.168.100.200:250/eng id:notes class:notes
2023-11-02 08:18:52 考研英语http://192.168.100.200:250/eng id:notes class:notes
2023-11-02 08:18:52 考研英语http://192.168.100.200:250/eng id:notes class:notes
2023-11-02 08:18:53 考研英语http://192.168.100.200:250/eng class:comment
2023-11-02 08:18:53 考研英语http://192.168.100.200:250/eng class:comment
2023-11-02 08:18:56 考研英语http://192.168.100.200:250/eng class:comment
2023-11-02 08:18:57 考研英语http://192.168.100.200:250/eng class:closeComment
2023-11-02 08:19:03 考研英语http://192.168.100.200:250/eng class:comment
2023-11-02 08:19:05 考研英语http://192.168.100.200:250/eng class:comment
2023-11-02 08:19:07 考研英语http://192.168.100.200:250/eng class:closeComment
2023-11-02 08:19:11 考研英语http://192.168.100.200:250/eng class:essayPara
2023-11-02 08:19:13 考研英语http://192.168.100.200:250/eng class:essayPara
2023-11-02 08:20:01 考研英语http://192.168.100.200:250/eng id:username 
2023-11-02 08:20:09 考研英语http://192.168.100.200:250/eng id:passwordid 
2023-11-02 08:20:15 考研英语http://192.168.100.200:250/eng id:registerInLogin class:register
2023-11-02 08:20:18 考研英语http://192.168.100.200:250/eng id:submit 
2023-11-02 08:20:22 考研英语http://192.168.100.200:250/eng id:logout class:logout
2023-11-02 08:20:26 考研英语http://192.168.100.200:250/eng id:username 
2023-11-02 08:20:29 考研英语http://192.168.100.200:250/eng id:passwordid 
2023-11-02 08:20:33 考研英语http://192.168.100.200:250/eng id:submit 
2023-11-02 08:20:43 考研英语http://192.168.100.200:250/eng class:essayTitle
2023-11-02 08:20:46 考研英语http://192.168.100.200:250/eng class:essayPara
2023-11-02 08:20:49 考研英语http://192.168.100.200:250/eng class:essayPara
2023-11-02 08:20:52 考研英语http://192.168.100.200:250/eng class:essayPara
2023-11-02 08:20:55 考研英语http://192.168.100.200:250/eng class:essayPara
2023-11-02 08:20:57 考研英语http://192.168.100.200:250/eng class:essayPara
2023-11-02 08:21:00 考研英语http://192.168.100.200:250/eng class:seeMore
2023-11-02 08:21:09 考研英语http://192.168.100.200:250/eng class:seeMore
2023-11-02 08:21:25 考研政治http://192.168.100.200:250/poli id:shi1Single class:choice-padding-top singleChoice
2023-11-02 08:21:31 考研政治http://192.168.100.200:250/poli class:examTitle
2023-11-02 08:21:36 考研政治http://192.168.100.200:250/poli class:title
2023-11-02 08:21:39 考研政治http://192.168.100.200:250/poli id:shi1Score class:score
2023-11-02 08:21:42 考研政治http://192.168.100.200:250/poli id:shiyi1Single class:choice-padding-top singleChoice
2023-11-02 08:21:42 考研政治http://192.168.100.200:250/poli class:examTitle
2023-11-02 19:36:28 考研英语http://127.0.0.1:250/eng class:essayPara
2023-11-02 19:50:25 考研英语http://127.0.0.1:250/eng class:essayTitle
2023-11-02 19:50:35 考研英语http://127.0.0.1:250/eng class:seeMore
2023-11-02 19:50:37 考研英语http://127.0.0.1:250/eng class:seeMore
2023-11-02 19:51:57 考研英语http://127.0.0.1:250/eng class:seeMore
2023-11-02 19:52:07 考研英语http://127.0.0.1:250/eng class:seeMore
2023-11-02 19:52:09 考研英语http://127.0.0.1:250/eng class:seeMore
2023-11-02 19:52:11 考研英语http://127.0.0.1:250/eng class:seeMore
2023-11-02 19:52:13 考研英语http://127.0.0.1:250/eng class:seeMore
2023-11-02 19:52:33 考研英语http://127.0.0.1:250/eng class:seeMore
2023-11-02 19:52:40 2023国科大人工智能在职考研http://127.0.0.1:250/ai id:idChoice3 
2023-11-02 19:52:57 考研英语http://127.0.0.1:250/eng class:seeMore
2023-11-02 19:52:59 考研英语http://127.0.0.1:250/eng class:seeMore
2023-11-02 19:53:20 考研政治http://127.0.0.1:250/poli class:writtenTime
2023-11-02 19:53:20 考研政治http://127.0.0.1:250/poli class:examTitle
2023-11-03 04:55:04 考研英语http://127.0.0.1:250/eng class:comment
2023-11-03 04:59:54 考研英语http://127.0.0.1:250/eng class:closeComment
2023-11-03 05:03:43 考研英语http://127.0.0.1:250/eng id:logout class:logout
2023-11-03 05:03:44 考研英语http://127.0.0.1:250/eng id:submit 
2023-11-03 05:18:48 考研英语http://127.0.0.1:250/eng id:popTest 
2023-11-03 05:18:53 考研英语http://127.0.0.1:250/eng id:idChoice3 
2023-11-03 05:19:08 考研英语http://127.0.0.1:250/eng id:idChoice4 
2023-11-03 05:19:26 考研英语http://127.0.0.1:250/eng id:idChoice4 
2023-11-03 05:19:28 考研英语http://127.0.0.1:250/eng class:essayPara
2023-11-03 05:19:38 2023国科大人工智能在职考研http://127.0.0.1:250/ai id:idChoice3 
2023-11-03 05:19:40 2023国科大人工智能在职考研http://127.0.0.1:250/ai class:examTitle
2023-11-03 05:19:42 2023国科大人工智能在职考研http://127.0.0.1:250/ai class:examTitle
2023-11-03 05:19:43 2023国科大人工智能在职考研http://127.0.0.1:250/ai class:comment
2023-11-03 05:20:23 2023国科大人工智能在职考研 http://127.0.0.1:250/ai id:idChoice4 
2023-11-03 05:20:24 2023国科大人工智能在职考研 http://127.0.0.1:250/ai class:choiceQuestion
2023-11-03 05:20:59 2023考研数二学习笔记 http://127.0.0.1:250/math id:idChoice4 
2023-11-03 05:21:01 2023考研数二学习笔记 http://127.0.0.1:250/math class:closeComment
2023-11-03 05:37:15 2023考研数二学习笔记 http://127.0.0.1:250/math id:idChoice4 
2023-11-03 05:44:48 2023考研数二学习笔记 http://127.0.0.1:250/math id:idChoice4 
2023-11-03 05:53:39 2023考研数二学习笔记 http://127.0.0.1:250/math id:idChoice2 
2023-11-03 05:53:47 2023考研数二学习笔记 http://127.0.0.1:250/math id:idChoice3 
2023-11-03 05:57:57 2023考研数二学习笔记 http://127.0.0.1:250/math id:idChoice2 
2023-11-03 05:58:02 2023考研数二学习笔记 http://127.0.0.1:250/math id:idChoice1 
2023-11-03 06:02:52 2023考研数二学习笔记 http://127.0.0.1:250/math id:idChoice3 
2023-11-03 06:03:09 2023考研数二学习笔记 http://127.0.0.1:250/math id:idChoice2 
2023-11-03 06:06:47 2023考研数二学习笔记 http://127.0.0.1:250/math id:idChoice4 
2023-11-03 06:07:22 2023考研数二学习笔记 http://127.0.0.1:250/math id:idChoice4 
2023-11-03 06:07:45 2023考研数二学习笔记 http://127.0.0.1:250/math id:idChoice2 
2023-11-03 06:08:26 2023考研数二学习笔记 http://127.0.0.1:250/math id:idChoice4 
2023-11-03 06:41:47 2023考研数二学习笔记 http://127.0.0.1:250/math id:popTest 
2023-11-03 06:41:49 2023考研数二学习笔记 http://127.0.0.1:250/math id:idChoice1 
2023-11-03 06:42:32 2023考研数二学习笔记 http://127.0.0.1:250/math id:idChoice4 
2023-11-03 06:43:11 2023考研数二学习笔记 http://127.0.0.1:250/math id:idChoice1 
2023-11-03 06:43:25 2023考研数二学习笔记 http://127.0.0.1:250/math id:idChoices 
2023-11-03 06:43:27 2023考研数二学习笔记 http://127.0.0.1:250/math id:idChoice3 
2023-11-03 06:44:23 考研政治 http://127.0.0.1:250/poli id:idChoice1 
2023-11-03 06:44:24 考研政治 http://127.0.0.1:250/poli class:closeComment
2023-11-03 06:45:29 考研英语 http://127.0.0.1:250/eng id:idChoice1 
2023-11-03 06:45:33 考研英语 http://127.0.0.1:250/eng id:idChoice2 
2023-11-03 06:45:35 考研英语 http://127.0.0.1:250/eng class:essayPara
2023-11-03 06:52:44 考研英语 http://127.0.0.1:250/eng id:idChoice4 
2023-11-03 06:52:52 考研英语 http://127.0.0.1:250/eng class:essayPara
2023-11-03 07:00:36 考研英语 http://127.0.0.1:250/eng id:idChoice4 
2023-11-03 07:00:48 考研英语 http://127.0.0.1:250/eng id:idChoice2 
2023-11-03 07:03:08 考研英语 http://127.0.0.1:250/eng id:idChoice1 
2023-11-03 07:03:35 考研英语 http://127.0.0.1:250/eng id:idChoice1 
2023-11-03 07:03:38 考研英语 http://127.0.0.1:250/eng id:idChoice2 
2023-11-03 07:03:42 考研英语 http://127.0.0.1:250/eng id:idChoice3 
2023-11-03 07:03:46 考研英语 http://127.0.0.1:250/eng id:idChoice2 
2023-11-03 07:03:48 考研英语 http://127.0.0.1:250/eng id:idChoice3 
2023-11-03 07:03:50 考研英语 http://127.0.0.1:250/eng id:popTest 
2023-11-03 07:03:52 考研英语 http://127.0.0.1:250/eng id:idChoice4 
2023-11-03 07:04:01 考研英语 http://127.0.0.1:250/eng id:idChoice4 
2023-11-03 07:04:03 考研英语 http://127.0.0.1:250/eng id:idChoice2 
2023-11-03 07:04:05 考研英语 http://127.0.0.1:250/eng id:idChoice3 
2023-11-03 07:04:15 考研英语 http://127.0.0.1:250/eng class:essayPara
2023-11-03 07:04:16 考研英语 http://127.0.0.1:250/eng class:essayPara
2023-11-03 21:13:53 考研英语 http://127.0.0.1:250/eng id:username 
2023-11-03 21:14:00 考研英语 http://127.0.0.1:250/eng id:submit 
2023-11-03 21:14:06 考研英语 http://127.0.0.1:250/eng id:idChoice2 
2023-11-03 21:14:11 考研英语 http://127.0.0.1:250/eng id:idChoice3 
2023-11-03 21:14:13 考研英语 http://127.0.0.1:250/eng class:essayPara
2023-11-03 21:14:33 2023国科大人工智能在职考研 http://127.0.0.1:250/ai id:idChoice1 
2023-11-04 01:43:54 2023国科大人工智能在职考研 http://127.0.0.1:250/ai class:essayQuestion
2023-11-04 01:44:05 2023国科大人工智能在职考研 http://127.0.0.1:250/ai class:save
2023-11-04 01:44:23 考研政治 http://127.0.0.1:250/poli id:idChoice2 
2023-11-04 01:44:30 考研政治 http://127.0.0.1:250/poli class:examTitle
2023-11-04 01:44:35 考研政治 http://127.0.0.1:250/poli class:title
2023-11-04 01:45:00 考研政治 http://127.0.0.1:250/poli id:logout class:logout
2023-11-04 01:45:03 考研政治 http://127.0.0.1:250/poli id:registerInLogin class:register
2023-11-04 01:45:10 考研政治 http://127.0.0.1:250/poli id:submit 
2023-11-04 01:45:16 考研政治 http://127.0.0.1:250/poli id:idChoice3 
2023-11-04 01:45:24 考研英语 http://127.0.0.1:250/eng id:idChoice2 
2023-11-04 01:45:27 考研英语 http://127.0.0.1:250/eng class:essayPara
2023-11-04 06:03:43 考研英语 http://127.0.0.1:250/eng class:seeMore
2023-11-04 06:03:45 考研英语 http://127.0.0.1:250/eng class:seeMore
2023-11-04 06:03:55 考研英语 http://127.0.0.1:250/eng id:idChoice1 
2023-11-04 06:03:57 考研英语 http://127.0.0.1:250/eng class:seeMore
2023-11-04 06:03:59 考研英语 http://127.0.0.1:250/eng class:seeMore
2023-11-04 06:04:01 考研英语 http://127.0.0.1:250/eng class:seeMore
2023-11-04 06:52:52 考研英语 http://127.0.0.1:250/eng class:essayPara
2023-11-04 06:52:49 考研英语 http://127.0.0.1:250/eng id:idChoice1 
2023-11-04 07:09:04 考研英语 http://127.0.0.1:250/eng id:idChoice1 
2023-11-04 07:09:07 考研英语 http://127.0.0.1:250/eng class:seeMore
2023-11-04 07:09:10 考研英语 http://127.0.0.1:250/eng class:rewrite colorChange
2023-11-04 07:09:27 考研英语 http://127.0.0.1:250/eng class:seeMore
2023-11-04 07:28:37 考研英语 http://127.0.0.1:250/eng id:idChoice4 
2023-11-04 07:28:43 考研英语 http://127.0.0.1:250/eng class:essayTitle
2023-11-04 07:32:52 考研英语 http://127.0.0.1:250/eng id:idChoice2 
2023-11-04 07:51:18 测试宝典 http://127.0.0.1:250/testInterview id:idChoice3 
2023-11-04 07:51:20 测试宝典 http://127.0.0.1:250/testInterview class:btn
2023-11-04 07:51:27 测试宝典 http://127.0.0.1:250/testInterview class:text-center display-1 animate__animated animate__flash
2023-11-04 07:51:34 测试宝典 http://127.0.0.1:250/testInterview class:edit
2023-11-04 07:53:01 测试宝典 http://127.0.0.1:250/testInterview id:idChoice4 
2023-11-04 07:53:03 测试宝典 http://127.0.0.1:250/testInterview class:card-header text-start
2023-11-04 07:53:04 测试宝典 http://127.0.0.1:250/testInterview class:card-header text-start collapsed
2023-11-04 07:53:05 测试宝典 http://127.0.0.1:250/testInterview class:text-center display-1 animate__animated animate__flash
2023-11-04 07:53:14 考研英语 http://127.0.0.1:250/eng id:idChoice4 
2023-11-04 07:53:17 考研英语 http://127.0.0.1:250/eng class:closeComment
2023-11-04 07:53:24 2023国科大人工智能在职考研 http://127.0.0.1:250/ai id:idChoice4 
2023-11-04 07:53:26 2023国科大人工智能在职考研 http://127.0.0.1:250/ai id:idChoice2 
2023-11-04 07:53:29 2023国科大人工智能在职考研 http://127.0.0.1:250/ai id:idChoice1 
2023-11-04 07:53:34 2023国科大人工智能在职考研 http://127.0.0.1:250/ai id:idChoice3 
2023-11-04 07:53:38 2023国科大人工智能在职考研 http://127.0.0.1:250/ai class:closeComment
2023-11-04 07:53:47 测试宝典 http://127.0.0.1:250/testInterview id:idChoice3 
2023-11-04 07:55:35 测试宝典 http://127.0.0.1:250/testInterview class:nd3 nds
2023-11-04 07:55:37 测试宝典 http://127.0.0.1:250/testInterview class:btn-close
2023-11-04 07:55:39 测试宝典 http://127.0.0.1:250/testInterview class:nd1 nds
2023-11-04 07:55:40 测试宝典 http://127.0.0.1:250/testInterview class:btn-close
2023-11-04 07:59:55 测试宝典 http://127.0.0.1:250/testInterview id:idChoice1 
2023-11-04 08:04:56 测试宝典 http://127.0.0.1:250/testInterview id:idChoice1 
2023-11-04 08:05:55 测试宝典 http://127.0.0.1:250/testInterview class:closeComment
2023-11-04 08:07:39 测试宝典 http://127.0.0.1:250/testInterview class:comment
2023-11-04 08:08:06 测试宝典 http://127.0.0.1:250/testInterview class:closeComment
2023-11-04 08:08:11 考研英语 http://127.0.0.1:250/eng id:logout class:logout
2023-11-04 08:09:15 测试宝典 http://127.0.0.1:250/testInterview class:closeComment
2023-11-04 08:09:40 测试宝典 http://127.0.0.1:250/testInterview class:card-header text-start
2023-11-04 08:09:41 测试宝典 http://127.0.0.1:250/testInterview class:card-header text-start collapsed
2023-11-04 08:09:43 测试宝典 http://127.0.0.1:250/testInterview class:nd1 nds
2023-11-04 08:09:45 测试宝典 http://127.0.0.1:250/testInterview class:btn-close
2023-11-04 08:09:47 测试宝典 http://127.0.0.1:250/testInterview class:nd3 nds
2023-11-04 08:09:49 测试宝典 http://127.0.0.1:250/testInterview class:btn btn-primary dropdown-toggle show
2023-11-04 08:09:50 测试宝典 http://127.0.0.1:250/testInterview class:dropdown-item
2023-11-04 08:09:51 测试宝典 http://127.0.0.1:250/testInterview class:btn-close
2023-11-04 08:09:54 测试宝典 http://127.0.0.1:250/testInterview class:text-center display-1 animate__animated animate__flash
2023-11-04 08:10:50 测试宝典 http://127.0.0.1:250/testInterview class:text-center display-1 animate__animated animate__flash
2023-11-04 08:12:22 测试宝典 http://127.0.0.1:250/testInterview class:text-center display-1 animate__animated animate__flash
2023-11-04 08:12:26 测试宝典 http://127.0.0.1:250/testInterview id:submit 
2023-11-04 08:12:28 测试宝典 http://127.0.0.1:250/testInterview id:submit 
2023-11-04 08:12:29 测试宝典 http://127.0.0.1:250/testInterview id:passwordid 
2023-11-04 08:12:29 测试宝典 http://127.0.0.1:250/testInterview id:passwordid 
2023-11-04 08:12:29 测试宝典 http://127.0.0.1:250/testInterview id:passwordid 
2023-11-04 08:13:19 测试宝典 http://127.0.0.1:250/testInterview id:submit 
2023-11-04 08:14:27 测试宝典 http://127.0.0.1:250/testInterview id:submit 
2023-11-04 08:14:40 测试宝典 http://127.0.0.1:250/testInterview class:text-center display-1 animate__animated animate__flash
2023-11-04 08:14:51 测试宝典 http://127.0.0.1:250/testInterview class:text-center display-1 animate__animated animate__flash
2023-11-04 08:14:52 测试宝典 http://127.0.0.1:250/testInterview class:text-center display-1 animate__animated animate__flash
2023-11-04 08:14:52 测试宝典 http://127.0.0.1:250/testInterview class:text-center display-1 animate__animated animate__flash
2023-11-04 08:14:52 测试宝典 http://127.0.0.1:250/testInterview class:text-center display-1 animate__animated animate__flash
2023-11-04 08:14:53 测试宝典 http://127.0.0.1:250/testInterview class:text-center display-1 animate__animated animate__flash
2023-11-04 08:19:10 测试宝典 http://127.0.0.1:250/testInterview class:text-center display-1 animate__animated animate__flash
2023-11-04 08:20:34 测试宝典 http://127.0.0.1:250/testInterview class:text-center display-1 animate__animated animate__flash
2023-11-04 08:20:35 测试宝典 http://127.0.0.1:250/testInterview class:text-center display-1 animate__animated animate__flash
2023-11-04 08:20:35 测试宝典 http://127.0.0.1:250/testInterview class:text-center display-1 animate__animated animate__flash
2023-11-04 08:20:35 测试宝典 http://127.0.0.1:250/testInterview class:text-center display-1 animate__animated animate__flash
2023-11-04 08:20:36 测试宝典 http://127.0.0.1:250/testInterview class:text-center display-1 animate__animated animate__flash
2023-11-04 08:20:47 测试宝典 http://127.0.0.1:250/testInterview id:logout class:logout
2023-11-04 08:20:50 测试宝典 http://127.0.0.1:250/testInterview id:submit 
2023-11-04 08:20:51 测试宝典 http://127.0.0.1:250/testInterview class:text-center display-1 animate__animated animate__flash
2023-11-04 08:21:08 测试宝典 http://127.0.0.1:250/testInterview class:text-center display-1 animate__animated animate__flash
2023-11-04 08:21:08 测试宝典 http://127.0.0.1:250/testInterview class:text-center display-1 animate__animated animate__flash
2023-11-04 08:21:16 测试宝典 http://127.0.0.1:250/testInterview class:nd4 nds btn btn-default
2023-11-04 08:21:17 测试宝典 http://127.0.0.1:250/testInterview class:nd3 nds
2023-11-04 08:21:19 测试宝典 http://127.0.0.1:250/testInterview class:btn-close
2023-11-04 08:21:23 测试宝典 http://127.0.0.1:250/testInterview class:closeComment
2023-11-04 08:21:48 测试宝典 http://127.0.0.1:250/testInterview class:text-center display-1 animate__animated animate__flash
2023-11-04 08:22:18 测试宝典 http://127.0.0.1:250/testInterview class:text-center display-1 animate__animated animate__flash
2023-11-04 08:22:37 测试宝典 http://127.0.0.1:250/testInterview class:text-center display-1 animate__animated animate__flash
2023-11-04 08:23:00 测试宝典 http://127.0.0.1:250/testInterview class:text-center display-1 animate__animated animate__flash
2023-11-04 08:23:14 测试宝典 http://127.0.0.1:250/testInterview class:text-center display-1 animate__animated animate__flash
2023-11-04 08:24:32 测试宝典 http://127.0.0.1:250/testInterview class:text-center display-1 animate__animated animate__flash
2023-11-04 08:25:12 测试宝典 http://127.0.0.1:250/testInterview id:postern 
2023-11-04 08:25:12 测试宝典 http://127.0.0.1:250/testInterview id:postern 
2023-11-04 08:25:32 测试宝典 http://127.0.0.1:250/testInterview id:postern 
2023-11-04 08:25:32 测试宝典 http://127.0.0.1:250/testInterview id:postern 
2023-11-04 08:25:58 测试宝典 http://127.0.0.1:250/testInterview id:logout class:logout
2023-11-04 08:25:59 测试宝典 http://127.0.0.1:250/testInterview id:submit 
2023-11-04 08:26:02 测试宝典 http://127.0.0.1:250/testInterview class:nd5 nds btn btn-primary
2023-11-04 08:26:04 测试宝典 http://127.0.0.1:250/testInterview id:sel1 class:form-select
2023-11-04 08:26:07 测试宝典 http://127.0.0.1:250/testInterview id:sel1 class:form-select
2023-11-04 08:26:09 测试宝典 http://127.0.0.1:250/testInterview id:answer class:form-control
2023-11-04 08:26:09 测试宝典 http://127.0.0.1:250/testInterview id:question class:form-control
2023-11-04 08:26:10 测试宝典 http://127.0.0.1:250/testInterview id:captcha class:form-control
2023-11-04 08:26:14 测试宝典 http://127.0.0.1:250/testInterview class:btn-close
2023-11-04 08:26:16 测试宝典 http://127.0.0.1:250/testInterview class:nd1 nds
2023-11-04 08:26:18 测试宝典 http://127.0.0.1:250/testInterview id:userid class:form-control
2023-11-04 08:26:19 测试宝典 http://127.0.0.1:250/testInterview class:btn-close
2023-11-04 08:26:21 测试宝典 http://127.0.0.1:250/testInterview class:nd3 nds
2023-11-04 08:26:23 测试宝典 http://127.0.0.1:250/testInterview class:btn btn-primary dropdown-toggle show
2023-11-04 08:26:24 测试宝典 http://127.0.0.1:250/testInterview class:btn-close
2023-11-04 08:26:25 测试宝典 http://127.0.0.1:250/testInterview class:text-center display-1 animate__animated animate__flash
2023-11-04 08:26:33 测试宝典 http://127.0.0.1:250/testInterview class:card-header text-start
2023-11-04 08:26:34 测试宝典 http://127.0.0.1:250/testInterview class:card-header text-start collapsed
2023-11-04 08:37:02 测试宝典 http://127.0.0.1:250/testInterview class:nd3 nds
2023-11-04 08:37:04 测试宝典 http://127.0.0.1:250/testInterview class:btn-close
2023-11-04 08:37:06 测试宝典 http://127.0.0.1:250/testInterview class:nd3 nds
2023-11-04 08:37:07 测试宝典 http://127.0.0.1:250/testInterview class:btn btn-primary dropdown-toggle show
2023-11-04 08:37:08 测试宝典 http://127.0.0.1:250/testInterview class:modal-body
2023-11-04 08:37:09 测试宝典 http://127.0.0.1:250/testInterview id:comment class:modal
2023-11-04 08:37:10 测试宝典 http://127.0.0.1:250/testInterview class:nd1 nds
2023-11-04 08:37:12 测试宝典 http://127.0.0.1:250/testInterview class:btn-close
2023-11-04 08:37:14 测试宝典 http://127.0.0.1:250/testInterview class:nd3 nds
2023-11-04 08:37:14 测试宝典 http://127.0.0.1:250/testInterview id:comment class:modal
2023-11-04 08:37:37 测试宝典 http://127.0.0.1:250/testInterview class:nd3 nds
2023-11-04 08:37:38 测试宝典 http://127.0.0.1:250/testInterview id:comment class:modal
2023-11-04 08:37:55 测试宝典 http://127.0.0.1:250/testInterview class:card-header text-start
2023-11-04 08:37:58 测试宝典 http://127.0.0.1:250/testInterview class:edit
2023-11-04 08:38:04 测试宝典 http://127.0.0.1:250/testInterview class:text-center display-1 animate__animated animate__flash
2023-11-04 08:38:07 测试宝典 http://127.0.0.1:250/testInterview class:text-center display-1 animate__animated animate__flash
2023-11-04 08:38:08 测试宝典 http://127.0.0.1:250/testInterview class:closeComment
2023-11-04 08:38:09 测试宝典 http://127.0.0.1:250/testInterview class:text-center display-1 animate__animated animate__flash
2023-11-04 08:49:37 测试宝典 http://127.0.0.1:250/testInterview class:text-center display-1 animate__animated animate__flash
2023-11-04 08:49:38 测试宝典 http://127.0.0.1:250/testInterview class:text-center display-1 animate__animated animate__flash
2023-11-04 08:51:33 测试宝典 http://127.0.0.1:250/testInterview class:card-header text-start
2023-11-04 08:51:34 测试宝典 http://127.0.0.1:250/testInterview class:card-header text-start collapsed
2023-11-04 08:51:43 考研英语 http://127.0.0.1:250/eng class:seeMore
2023-11-04 08:51:44 考研英语 http://127.0.0.1:250/eng class:seeMore
2023-11-04 08:51:45 考研英语 http://127.0.0.1:250/eng class:seeMore
2023-11-04 11:36:24 测试宝典 http://127.0.0.1:250/testInterview class:container mt-3
2023-11-04 11:47:02 测试宝典 http://192.168.100.199:250/testInterview id:username 
2023-11-04 11:47:03 测试宝典 http://192.168.100.199:250/testInterview id:username 
2023-11-04 11:47:09 测试宝典 http://192.168.100.199:250/testInterview id:passwordid 
2023-11-04 11:47:14 测试宝典 http://192.168.100.199:250/testInterview id:submit 
2023-11-04 11:47:19 测试宝典 http://192.168.100.199:250/testInterview class:edit
2023-11-04 11:48:16 测试宝典 http://192.168.100.199:250/testInterview class:nd4 nds btn btn-default
2023-11-04 11:48:18 测试宝典 http://192.168.100.199:250/testInterview class:nd4 nds btn btn-default
2023-11-04 11:48:31 测试宝典 http://192.168.100.199:250/testInterview class:nd5 nds btn btn-primary
2023-11-04 11:48:32 测试宝典 http://192.168.100.199:250/testInterview class:btn-close
2023-11-04 11:48:33 测试宝典 http://192.168.100.199:250/testInterview class:nd4 nds btn btn-default
2023-11-04 11:48:34 测试宝典 http://192.168.100.199:250/testInterview class:nd4 nds btn btn-default
2023-11-04 11:48:35 测试宝典 http://192.168.100.199:250/testInterview class:edit
2023-11-04 11:48:35 测试宝典 http://192.168.100.199:250/testInterview class:edit
2023-11-04 11:48:37 测试宝典 http://192.168.100.199:250/testInterview class:nd3 nds
2023-11-04 11:48:38 测试宝典 http://192.168.100.199:250/testInterview class:btn-close
2023-11-04 11:48:40 测试宝典 http://192.168.100.199:250/testInterview class:nd1 nds
2023-11-04 11:48:47 测试宝典 http://192.168.100.199:250/testInterview id:seckill class:modal
2023-11-04 11:48:54 测试宝典 http://192.168.100.199:250/testInterview id:login class:log login
2023-11-04 11:48:55 测试宝典 http://192.168.100.199:250/testInterview id:username 
2023-11-04 11:49:02 考研英语 http://192.168.100.199:250/eng id:username 
2023-11-04 11:49:05 考研英语 http://192.168.100.199:250/eng id:passwordid 
2023-11-04 11:49:11 考研英语 http://192.168.100.199:250/eng id:submit 
2023-11-04 11:49:37 考研英语 http://192.168.100.199:250/eng class:essayPara
2023-11-04 11:49:39 测试宝典 http://127.0.0.1:250/testInterview class:container mt-3
2023-11-04 11:49:49 考研英语 http://192.168.100.199:250/eng class:essayTitle
2023-11-04 11:49:51 考研英语 http://192.168.100.199:250/eng class:essayPara
2023-11-04 11:49:52 考研英语 http://192.168.100.199:250/eng class:translate colorChange
2023-11-04 11:53:40 考研政治 http://127.0.0.1:250/poli class:myAnswerTitle
2023-11-04 11:53:42 考研政治 http://127.0.0.1:250/poli id:shi1Multiple class:choice-padding-top multipleChoice
2023-11-04 11:53:43 考研政治 http://127.0.0.1:250/poli id:shi1Multiple class:choice-padding-top multipleChoice
2023-11-04 11:54:58 考研政治 http://127.0.0.1:250/poli id:shiyi1Score class:score
2023-11-04 11:55:12 测试宝典 http://127.0.0.1:250/testInterview class:btn
2023-11-04 11:59:58 考研英语 http://127.0.0.1:250/eng class:subtitle
2023-11-04 12:00:00 考研英语 http://127.0.0.1:250/eng class:title
2023-11-04 12:02:21 考研英语 http://127.0.0.1:250/eng class:essayPara
2023-11-04 12:02:24 考研英语 http://127.0.0.1:250/eng class:essayTitle
2023-11-04 12:17:16 测试宝典 http://127.0.0.1:250/testInterview class:text-center display-1 animate__animated animate__flash
2023-11-04 12:22:51 测试宝典 http://127.0.0.1:250/testInterview class:btn
2023-11-04 12:22:52 测试宝典 http://127.0.0.1:250/testInterview class:btn collapsed
2023-11-04 12:23:14 测试宝典 http://127.0.0.1:250/testInterview class:btn
2023-11-04 12:23:14 测试宝典 http://127.0.0.1:250/testInterview class:btn collapsed
2023-11-04 12:23:15 测试宝典 http://127.0.0.1:250/testInterview class:btn
2023-11-04 12:23:16 测试宝典 http://127.0.0.1:250/testInterview class:btn collapsed
2023-11-04 12:23:17 测试宝典 http://127.0.0.1:250/testInterview class:btn
2023-11-04 13:11:28 测试宝典 http://127.0.0.1:250/testInterview class:text-center display-1 animate__animated animate__flash
2023-11-04 13:13:20 测试宝典 http://192.168.100.199:250/testInterview id:username 
2023-11-04 13:13:23 测试宝典 http://192.168.100.199:250/testInterview id:passwordid 
2023-11-04 13:13:28 测试宝典 http://192.168.100.199:250/testInterview id:submit 
2023-11-04 13:13:59 测试宝典 http://192.168.100.199:250/testInterview class:nd4 nds btn btn-default
2023-11-04 13:14:00 测试宝典 http://192.168.100.199:250/testInterview class:nd4 nds btn btn-default
2023-11-04 13:18:07 测试宝典 http://192.168.100.199:250/testInterview class:btn
2023-11-04 13:18:08 测试宝典 http://192.168.100.199:250/testInterview class:btn collapsed
2023-11-04 13:18:09 测试宝典 http://192.168.100.199:250/testInterview class:btn
2023-11-04 13:18:10 测试宝典 http://192.168.100.199:250/testInterview class:btn collapsed
2023-11-04 13:18:12 测试宝典 http://192.168.100.199:250/testInterview class:btn
2023-11-04 13:18:13 测试宝典 http://192.168.100.199:250/testInterview class:btn collapsed
2023-11-04 13:18:13 测试宝典 http://192.168.100.199:250/testInterview class:btn
2023-11-04 13:18:14 测试宝典 http://192.168.100.199:250/testInterview class:btn collapsed
2023-11-04 13:18:15 测试宝典 http://192.168.100.199:250/testInterview class:text-center display-1 animate__animated animate__flash
2023-11-04 13:18:30 考研英语 http://192.168.100.199:250/eng class:seeMore
2023-11-04 13:18:36 考研英语 http://192.168.100.199:250/eng class:seeMore
2023-11-04 13:18:40 考研英语 http://192.168.100.199:250/eng class:essayPara
2023-11-04 13:18:44 考研英语 http://192.168.100.199:250/eng class:essayPara
2023-11-04 13:18:53 考研英语 http://192.168.100.199:250/eng class:subtitle
2023-11-04 13:18:55 考研英语 http://192.168.100.199:250/eng class:title
2023-11-04 13:42:41 测试宝典 http://127.0.0.1:250/testInterview class:nd3 nds
2023-11-04 13:42:42 测试宝典 http://127.0.0.1:250/testInterview id:comment class:modal
2023-11-04 13:47:23 测试宝典 http://127.0.0.1:250/testInterview class:text-center display-1 animate__animated animate__flash
2023-11-04 13:47:27 测试宝典 http://127.0.0.1:250/testInterview class:nd1 nds
2023-11-04 13:47:28 测试宝典 http://127.0.0.1:250/testInterview id:seckill class:modal
2023-11-04 14:16:12 考研英语 http://192.168.100.199:250/eng class:seeMore
2023-11-04 14:16:15 考研英语 http://192.168.100.199:250/eng class:seeMore
2023-11-04 14:16:18 考研英语 http://192.168.100.199:250/eng class:essayPara
2023-11-04 14:23:15 测试宝典 http://192.168.100.199:250/testInterview class:btn
2023-11-04 14:23:15 测试宝典 http://192.168.100.199:250/testInterview class:btn collapsed
2023-11-04 14:23:16 测试宝典 http://192.168.100.199:250/testInterview class:btn
2023-11-04 14:23:17 测试宝典 http://192.168.100.199:250/testInterview class:btn collapsed
2023-11-04 14:23:17 测试宝典 http://192.168.100.199:250/testInterview class:btn
2023-11-04 14:23:18 测试宝典 http://192.168.100.199:250/testInterview class:btn collapsed
2023-11-04 14:23:19 测试宝典 http://192.168.100.199:250/testInterview class:btn
2023-11-04 14:23:20 测试宝典 http://192.168.100.199:250/testInterview class:btn collapsed
2023-11-04 14:23:20 测试宝典 http://192.168.100.199:250/testInterview class:btn
2023-11-04 14:23:21 测试宝典 http://192.168.100.199:250/testInterview class:btn collapsed
2023-11-04 14:23:21 测试宝典 http://192.168.100.199:250/testInterview class:btn
2023-11-04 14:23:22 测试宝典 http://192.168.100.199:250/testInterview class:btn collapsed
2023-11-04 14:23:22 测试宝典 http://192.168.100.199:250/testInterview class:btn
2023-11-04 14:23:23 测试宝典 http://192.168.100.199:250/testInterview class:btn collapsed
2023-11-04 14:23:25 测试宝典 http://192.168.100.199:250/testInterview class:nd3 nds
2023-11-04 14:23:27 测试宝典 http://192.168.100.199:250/testInterview class:btn btn-primary dropdown-toggle show
2023-11-04 14:23:28 测试宝典 http://192.168.100.199:250/testInterview id:comment class:modal
2023-11-04 14:23:29 测试宝典 http://192.168.100.199:250/testInterview class:nd1 nds
2023-11-04 14:23:31 测试宝典 http://192.168.100.199:250/testInterview id:startSecKill class:btn btn-primary
2023-11-04 14:23:32 测试宝典 http://192.168.100.199:250/testInterview id:startSecKill class:btn btn-primary
2023-11-04 14:23:33 测试宝典 http://192.168.100.199:250/testInterview class:btn-close
2023-11-04 14:23:34 测试宝典 http://192.168.100.199:250/testInterview class:nd5 nds btn btn-primary
2023-11-04 14:23:35 测试宝典 http://192.168.100.199:250/testInterview id:sel1 class:form-select
2023-11-04 14:23:37 测试宝典 http://192.168.100.199:250/testInterview id:question class:form-control
2023-11-04 14:23:38 测试宝典 http://192.168.100.199:250/testInterview class:btn-close
2023-11-04 14:23:40 测试宝典 http://192.168.100.199:250/testInterview class:nd1 nds
2023-11-04 14:23:41 测试宝典 http://192.168.100.199:250/testInterview id:seckill class:modal
2023-11-04 14:23:42 测试宝典 http://192.168.100.199:250/testInterview class:nd5 nds btn btn-primary
2023-11-04 14:23:43 测试宝典 http://192.168.100.199:250/testInterview id:myModal class:modal
2023-11-04 14:23:45 测试宝典 http://192.168.100.199:250/testInterview class:nd4 nds btn btn-default
2023-11-04 14:23:47 测试宝典 http://192.168.100.199:250/testInterview class:nd4 nds btn btn-default
2023-11-04 14:23:48 测试宝典 http://192.168.100.199:250/testInterview class:nd3 nds
2023-11-04 14:23:49 测试宝典 http://192.168.100.199:250/testInterview id:comment class:modal
2023-11-04 14:23:50 测试宝典 http://192.168.100.199:250/testInterview class:nd1 nds
2023-11-04 14:23:52 测试宝典 http://192.168.100.199:250/testInterview id:userid class:form-control
2023-11-04 14:23:54 测试宝典 http://192.168.100.199:250/testInterview id:seckill class:modal
2023-11-04 14:23:56 测试宝典 http://192.168.100.199:250/testInterview id:postern 
2023-11-04 14:23:56 测试宝典 http://192.168.100.199:250/testInterview id:postern 
2023-11-04 14:23:58 测试宝典 http://192.168.100.199:250/testInterview id:postern 
2023-11-04 14:23:58 测试宝典 http://192.168.100.199:250/testInterview id:postern 
2023-11-04 14:24:01 测试宝典 http://192.168.100.199:250/testInterview class:container mt-3
2023-11-04 14:24:02 测试宝典 http://192.168.100.199:250/testInterview class:text-center display-1 animate__animated animate__flash
2023-11-04 14:24:02 测试宝典 http://192.168.100.199:250/testInterview class:text-center display-1 animate__animated animate__flash
2023-11-04 14:24:03 测试宝典 http://192.168.100.199:250/testInterview class:text-center display-1 animate__animated animate__flash
2023-11-04 14:24:04 测试宝典 http://192.168.100.199:250/testInterview class:text-center display-1 animate__animated animate__flash
2023-11-04 14:24:05 测试宝典 http://192.168.100.199:250/testInterview class:text-center display-1 animate__animated animate__flash
2023-11-04 14:24:05 测试宝典 http://192.168.100.199:250/testInterview class:text-center display-1 animate__animated animate__flash
2023-11-04 14:24:05 测试宝典 http://192.168.100.199:250/testInterview class:text-center display-1 animate__animated animate__flash
2023-11-04 14:24:06 测试宝典 http://192.168.100.199:250/testInterview class:text-center display-1 animate__animated animate__flash
2023-11-04 14:24:06 测试宝典 http://192.168.100.199:250/testInterview class:text-center display-1 animate__animated animate__flash
2023-11-04 14:24:06 测试宝典 http://192.168.100.199:250/testInterview class:text-center display-1 animate__animated animate__flash
2023-11-04 14:24:06 测试宝典 http://192.168.100.199:250/testInterview class:text-center display-1 animate__animated animate__flash
2023-11-04 14:24:06 测试宝典 http://192.168.100.199:250/testInterview class:text-center display-1 animate__animated animate__flash
2023-11-04 14:24:07 测试宝典 http://192.168.100.199:250/testInterview class:text-center display-1 animate__animated animate__flash
2023-11-04 14:24:07 测试宝典 http://192.168.100.199:250/testInterview class:container mt-3
2023-11-04 14:24:07 测试宝典 http://192.168.100.199:250/testInterview id:postern 
2023-11-04 14:24:12 测试宝典 http://192.168.100.199:250/testInterview id:username 
2023-11-04 14:24:16 测试宝典 http://192.168.100.199:250/testInterview id:passwordid 
2023-11-04 14:24:20 测试宝典 http://192.168.100.199:250/testInterview id:submit 
2023-11-04 14:27:55 测试宝典 http://127.0.0.1:250/testInterview class:card-header text-start
2023-11-04 14:27:56 测试宝典 http://127.0.0.1:250/testInterview class:card-header text-start collapsed
2023-11-04 14:29:33 测试宝典 http://127.0.0.1:250/testInterview class:btn
2023-11-04 14:29:34 测试宝典 http://127.0.0.1:250/testInterview class:btn collapsed
2023-11-04 14:29:34 测试宝典 http://127.0.0.1:250/testInterview class:btn
2023-11-04 14:29:35 测试宝典 http://127.0.0.1:250/testInterview class:text-center display-1 animate__animated animate__flash
2023-11-04 14:29:37 测试宝典 http://127.0.0.1:250/testInterview class:btn collapsed
2023-11-04 14:29:40 测试宝典 http://127.0.0.1:250/testInterview class:nd1 nds
2023-11-04 14:29:41 测试宝典 http://127.0.0.1:250/testInterview id:seckill class:modal
2023-11-04 14:29:48 测试宝典 http://127.0.0.1:250/testInterview class:text-center display-1 animate__animated animate__flash
2023-11-04 15:41:58 测试宝典 http://127.0.0.1:250/testInterview class:nd3 nds
2023-11-04 15:41:59 测试宝典 http://127.0.0.1:250/testInterview id:comment class:modal
2023-11-04 15:42:00 测试宝典 http://127.0.0.1:250/testInterview class:nd4 nds btn btn-default
2023-11-04 15:42:03 测试宝典 http://127.0.0.1:250/testInterview class:nd1 nds
2023-11-04 15:42:07 测试宝典 http://127.0.0.1:250/testInterview id:seckill class:modal
2023-11-04 15:47:55 测试宝典 http://127.0.0.1:250/testInterview class:text-center display-1 animate__animated animate__flash
2023-11-04 15:48:03 测试宝典 http://127.0.0.1:250/testInterview class:card-header text-start
2023-11-04 15:48:05 测试宝典 http://127.0.0.1:250/testInterview class:card-header text-start
2023-11-04 15:48:06 测试宝典 http://127.0.0.1:250/testInterview class:card-header text-start collapsed
2023-11-04 15:48:07 测试宝典 http://127.0.0.1:250/testInterview class:card-header text-start collapsed
2023-11-04 15:48:07 测试宝典 http://127.0.0.1:250/testInterview class:card-header text-start
2023-11-04 15:48:08 测试宝典 http://127.0.0.1:250/testInterview class:card-header text-start collapsed
2023-11-04 15:48:09 测试宝典 http://127.0.0.1:250/testInterview class:card-header text-start
2023-11-04 15:48:10 测试宝典 http://127.0.0.1:250/testInterview class:card-header text-start collapsed
2023-11-04 15:48:18 测试宝典 http://127.0.0.1:250/testInterview class:nd1 nds
2023-11-04 15:48:19 测试宝典 http://127.0.0.1:250/testInterview id:seckill class:modal
2023-11-04 15:48:21 测试宝典 http://127.0.0.1:250/testInterview class:nd5 nds btn btn-primary
2023-11-04 15:48:22 测试宝典 http://127.0.0.1:250/testInterview id:myModal class:modal
2023-11-04 15:48:25 测试宝典 http://127.0.0.1:250/testInterview class:card-header text-start
2023-11-04 15:48:28 测试宝典 http://127.0.0.1:250/testInterview class:card-header text-start collapsed
2023-11-04 15:48:29 测试宝典 http://127.0.0.1:250/testInterview class:card-header text-start
2023-11-04 15:48:30 测试宝典 http://127.0.0.1:250/testInterview class:card-header text-start collapsed
2023-11-04 15:53:09 测试宝典 http://127.0.0.1:250/testInterview class:nd1 nds
2023-11-04 15:53:10 测试宝典 http://127.0.0.1:250/testInterview id:seckill class:modal
2023-11-04 17:44:10 考研英语 http://127.0.0.1:250/eng class:essayPara
2023-11-04 17:44:22 测试宝典 http://127.0.0.1:250/testInterview class:btn
2023-11-04 17:44:23 测试宝典 http://127.0.0.1:250/testInterview class:btn collapsed
2023-11-04 17:44:24 测试宝典 http://127.0.0.1:250/testInterview class:btn
2023-11-04 17:44:24 测试宝典 http://127.0.0.1:250/testInterview class:btn collapsed
2023-11-04 17:44:25 测试宝典 http://127.0.0.1:250/testInterview class:btn
2023-11-04 17:44:26 测试宝典 http://127.0.0.1:250/testInterview class:btn collapsed
2023-11-04 17:44:40 测试宝典 http://127.0.0.1:250/testInterview id:postern 
2023-11-04 17:44:40 测试宝典 http://127.0.0.1:250/testInterview id:postern 
2023-11-04 17:45:28 测试宝典 http://127.0.0.1:250/testInterview class:btn
2023-11-04 17:45:29 测试宝典 http://127.0.0.1:250/testInterview class:btn collapsed
2023-11-04 17:45:31 测试宝典 http://127.0.0.1:250/testInterview class:text-center display-1 animate__animated animate__flash
2023-11-04 17:45:32 测试宝典 http://127.0.0.1:250/testInterview class:text-center display-1 animate__animated animate__flash
2023-11-04 20:52:42 测试宝典 http://127.0.0.1:250/testInterview class:card-header text-start
2023-11-04 20:52:50 考研英语 http://127.0.0.1:250/eng id:submit 
2023-11-04 21:18:20 考研英语 http://127.0.0.1:250/eng class:seeMore
2023-11-04 21:18:22 考研英语 http://127.0.0.1:250/eng class:seeMore
2023-11-04 21:18:24 考研英语 http://127.0.0.1:250/eng class:seeMore
2023-11-04 21:18:26 考研英语 http://127.0.0.1:250/eng class:seeMore
2023-11-05 08:28:12 考研英语 http://127.0.0.1:250/eng class:essayPara
2023-11-05 08:28:22 测试宝典 http://127.0.0.1:250/testInterview id:submit 
2023-11-05 08:28:25 测试宝典 http://127.0.0.1:250/testInterview class:nd1 nds
2023-11-05 08:28:26 测试宝典 http://127.0.0.1:250/testInterview id:seckill class:modal
2023-11-05 09:15:18 测试宝典 http://127.0.0.1:250/testInterview class:nd1 nds
2023-11-05 09:15:20 测试宝典 http://127.0.0.1:250/testInterview id:seckill class:modal
2023-11-05 12:38:13 考研英语 http://127.0.0.1:250/eng class:essayPara
2023-11-05 13:32:46 考研英语 http://127.0.0.1:250/eng class:essayPara
2023-11-05 13:33:51 考研英语 http://127.0.0.1:250/eng class:essayPara
2023-11-05 13:34:16 考研英语 http://127.0.0.1:250/eng class:essayPara
2023-11-05 13:34:31 考研英语 http://127.0.0.1:250/eng class:essayPara
2023-11-05 13:45:53 考研英语 http://127.0.0.1:250/eng id:notes class:notes
2023-11-05 13:46:06 测试宝典 http://127.0.0.1:250/testInterview class:edit
2023-11-05 13:46:07 测试宝典 http://127.0.0.1:250/testInterview class:nd1 nds
2023-11-05 13:46:09 测试宝典 http://127.0.0.1:250/testInterview class:btn-close
2023-11-05 13:46:10 测试宝典 http://127.0.0.1:250/testInterview class:nd5 nds btn btn-primary
2023-11-05 13:46:11 测试宝典 http://127.0.0.1:250/testInterview id:myModal class:modal
2023-11-05 13:46:13 测试宝典 http://127.0.0.1:250/testInterview class:nd3 nds
2023-11-05 13:46:14 测试宝典 http://127.0.0.1:250/testInterview id:comment class:modal
2023-11-05 13:48:38 测试宝典 http://127.0.0.1:250/testInterview class:text-center display-1 animate__animated animate__flash
2023-11-05 13:48:39 测试宝典 http://127.0.0.1:250/testInterview class:btn
2023-11-05 13:48:43 测试宝典 http://127.0.0.1:250/testInterview class:text-center display-1 animate__animated animate__flash
2023-11-05 13:51:23 测试宝典 http://127.0.0.1:250/testInterview class:comment
2023-11-05 13:52:14 测试宝典 http://127.0.0.1:250/testInterview class:closeComment
2023-11-05 13:52:19 测试宝典 http://127.0.0.1:250/testInterview class:text-center display-1 animate__animated animate__flash
2023-11-05 14:52:14 测试宝典 http://127.0.0.1:250/testInterview class:closeComment
2023-11-05 15:14:33 考研英语 http://127.0.0.1:250/eng class:essayPara
2023-11-05 17:05:30 测试宝典 http://192.168.100.199:250/testInterview id:username 
2023-11-05 17:05:49 测试宝典 http://192.168.100.199:250/testInterview id:username 
2023-11-05 17:05:52 测试宝典 http://192.168.100.199:250/testInterview id:passwordid 
2023-11-05 17:05:57 测试宝典 http://192.168.100.199:250/testInterview id:submit 
2023-11-05 17:06:00 测试宝典 http://192.168.100.199:250/testInterview class:nd5 nds btn btn-primary
2023-11-05 17:06:01 测试宝典 http://192.168.100.199:250/testInterview id:myModal class:modal
2023-11-05 17:06:06 测试宝典 http://192.168.100.199:250/testInterview class:card-header text-start
2023-11-05 17:06:07 测试宝典 http://192.168.100.199:250/testInterview class:card-header text-start collapsed
2023-11-05 17:06:08 测试宝典 http://192.168.100.199:250/testInterview class:card-header text-start
2023-11-05 17:06:09 测试宝典 http://192.168.100.199:250/testInterview class:card-header text-start collapsed
2023-11-05 17:06:21 测试宝典 http://192.168.100.199:250/testInterview class:card-header text-start
2023-11-05 17:06:21 测试宝典 http://192.168.100.199:250/testInterview class:card-header text-start collapsed
2023-11-05 17:06:22 测试宝典 http://192.168.100.199:250/testInterview class:card-header text-start
2023-11-05 17:06:23 测试宝典 http://192.168.100.199:250/testInterview class:card-header text-start collapsed
2023-11-05 18:41:32 考研英语 http://127.0.0.1:250/eng class:essayPara
2023-11-06 02:14:04 考研政治 http://127.0.0.1:250/poli id:submit 
2023-11-06 02:14:06 考研政治 http://127.0.0.1:250/poli id:shiyi1Score class:score
2023-11-06 07:21:10 考研政治 http://127.0.0.1:250/poli id:shi1Multiple class:choice-padding-top multipleChoice
2023-11-06 07:21:20 测试宝典 http://127.0.0.1:250/testInterview class:plus
2023-11-06 07:21:21 测试宝典 http://127.0.0.1:250/testInterview class:nd1 nds
2023-11-06 07:21:22 测试宝典 http://127.0.0.1:250/testInterview id:seckill class:modal
2023-11-06 07:21:25 测试宝典 http://127.0.0.1:250/testInterview class:btn
2023-11-06 07:21:26 测试宝典 http://127.0.0.1:250/testInterview class:btn collapsed
2023-11-06 08:05:26 测试宝典 http://127.0.0.1:250/testInterview class:btn
2023-11-06 08:05:27 测试宝典 http://127.0.0.1:250/testInterview class:btn collapsed
2023-11-06 19:31:07 考研英语 http://127.0.0.1:250/eng id:submit 
2023-11-06 19:41:19 测试宝典 http://127.0.0.1:250/testInterview class:card-header text-start
2023-11-06 19:41:20 测试宝典 http://127.0.0.1:250/testInterview class:btn collapsed
2023-11-06 19:41:21 测试宝典 http://127.0.0.1:250/testInterview class:plus
2023-11-06 19:41:22 测试宝典 http://127.0.0.1:250/testInterview class:nd1 nds
2023-11-06 19:41:23 测试宝典 http://127.0.0.1:250/testInterview id:seckill class:modal
2023-11-06 19:41:25 测试宝典 http://127.0.0.1:250/testInterview class:nd1 nds
2023-11-06 19:41:26 测试宝典 http://127.0.0.1:250/testInterview id:seckill class:modal
2023-11-06 19:41:27 测试宝典 http://127.0.0.1:250/testInterview class:plus
2023-11-06 19:41:29 测试宝典 http://127.0.0.1:250/testInterview class:edit
2023-11-06 19:41:29 测试宝典 http://127.0.0.1:250/testInterview class:nd1 nds
2023-11-06 19:41:31 测试宝典 http://127.0.0.1:250/testInterview id:seckill class:modal
2023-11-06 19:41:32 测试宝典 http://127.0.0.1:250/testInterview class:edit
2023-11-06 19:41:33 测试宝典 http://127.0.0.1:250/testInterview class:nd1 nds
2023-11-06 19:41:34 测试宝典 http://127.0.0.1:250/testInterview id:seckill class:modal
2023-11-07 19:19:25 测试宝典 http://127.0.0.1:250/testInterview class:btn
2023-11-07 19:59:12 测试宝典 http://127.0.0.1:250/testInterview class:btn
2023-11-07 19:59:53 考研英语 http://127.0.0.1:250/eng class:closeComment
2023-11-08 19:19:41 考研英语 http://127.0.0.1:250/eng class:essayTitle
2023-11-08 19:19:40 考研英语 http://127.0.0.1:250/eng class:essayPara
2023-11-08 19:19:36 考研英语 http://127.0.0.1:250/eng class:essayPara
2023-11-08 19:20:01 考研英语 http://127.0.0.1:250/eng class:seeMore
2023-11-08 19:20:10 考研英语 http://127.0.0.1:250/eng class:seeMore
2023-11-08 19:20:13 考研英语 http://127.0.0.1:250/eng class:seeMore
2023-11-08 19:20:17 考研英语 http://127.0.0.1:250/eng class:seeMore
2023-11-08 19:20:20 考研英语 http://127.0.0.1:250/eng class:seeMore
2023-11-08 19:20:54 考研英语 http://127.0.0.1:250/eng class:seeMore
2023-11-08 19:20:56 考研英语 http://127.0.0.1:250/eng class:seeMore
2023-11-08 19:20:58 考研英语 http://127.0.0.1:250/eng class:seeMore
2023-11-08 20:02:00 测试宝典 http://127.0.0.1:250/test class:container mt-3
2023-11-08 20:14:24 考研英语 http://127.0.0.1:250/eng class:seeMore
2023-11-08 21:12:04 测试宝典 http://127.0.0.1:250/test class:btn
2023-11-08 21:12:06 测试宝典 http://127.0.0.1:250/test class:btn
2023-11-08 21:12:05 测试宝典 http://127.0.0.1:250/test class:btn
2023-11-08 21:12:07 测试宝典 http://127.0.0.1:250/test class:card-body
2023-11-08 21:12:08 测试宝典 http://127.0.0.1:250/test class:card-body
2023-11-08 21:12:08 测试宝典 http://127.0.0.1:250/test class:btn collapsed
2023-11-08 21:12:08 测试宝典 http://127.0.0.1:250/test class:btn collapsed
2023-11-08 21:12:09 测试宝典 http://127.0.0.1:250/test class:btn collapsed
2023-11-08 21:12:11 测试宝典 http://127.0.0.1:250/test class:text-center display-1 animate__animated animate__flash
2023-11-08 21:12:11 测试宝典 http://127.0.0.1:250/test class:text-center display-1 animate__animated animate__flash
2023-11-08 21:12:15 测试宝典 http://127.0.0.1:250/test class:btn
2023-11-08 21:12:16 测试宝典 http://127.0.0.1:250/test class:btn collapsed
2023-11-08 21:24:09 测试宝典 http://127.0.0.1:250/test class:card-header text-start
2023-11-08 21:24:11 测试宝典 http://127.0.0.1:250/test class:text-center display-1 animate__animated animate__flash
2023-11-08 21:24:10 测试宝典 http://127.0.0.1:250/test class:card-header text-start collapsed
2023-11-09 07:37:37 测试宝典 http://127.0.0.1:250/test id:passwordid 
2023-11-09 07:40:09 考研英语 http://127.0.0.1:250/eng id:submit 
2023-11-09 07:40:45 考研英语 http://127.0.0.1:250/eng id:submit 
2023-11-09 07:43:13 测试宝典 http://127.0.0.1:250/test id:submit 
2023-11-09 07:43:19 测试宝典 http://127.0.0.1:250/test class:btn
2023-11-09 07:43:20 测试宝典 http://127.0.0.1:250/test class:btn collapsed
2023-11-09 07:43:20 测试宝典 http://127.0.0.1:250/test class:btn
2023-11-09 07:43:21 测试宝典 http://127.0.0.1:250/test class:btn
2023-11-09 07:43:21 测试宝典 http://127.0.0.1:250/test class:btn
2023-11-09 07:43:21 测试宝典 http://127.0.0.1:250/test class:btn collapsed
2023-11-09 07:43:21 测试宝典 http://127.0.0.1:250/test class:btn collapsed
2023-11-09 07:43:21 测试宝典 http://127.0.0.1:250/test class:btn collapsed
2023-11-09 08:02:32 测试宝典 http://127.0.0.1:250/test class:text-center display-1 animate__animated animate__flash
2023-11-09 08:02:55 测试宝典 http://127.0.0.1:250/test id:generateTest class:generateTest
2023-11-09 08:04:49 测试宝典 http://127.0.0.1:250/test id:generateTest class:generateTest
2023-11-09 08:04:49 测试宝典 http://127.0.0.1:250/test id:generateTest class:generateTest
2023-11-09 08:05:12 测试宝典 http://127.0.0.1:250/test class:btn
2023-11-09 08:06:27 测试宝典 http://127.0.0.1:250/test class:card-header text-start
2023-11-09 08:06:28 测试宝典 http://127.0.0.1:250/test class:card-header text-start collapsed
2023-11-09 08:06:29 测试宝典 http://127.0.0.1:250/test class:card-header text-start collapsed
2023-11-09 08:06:30 测试宝典 http://127.0.0.1:250/test class:card-header text-start
2023-11-09 08:06:30 测试宝典 http://127.0.0.1:250/test id:在做web应用自动化测试时你如何保证测试用例的稳定性 
2023-11-09 08:06:36 测试宝典 http://127.0.0.1:250/test class:btn collapsed
